nb,section,x,y,grid.ref,bearing,sp,number,logger,qc
B1,b,-1.308809725,51.76481187,SP4779707574,350,G,1,331,1
B10,b,-1.309306062,51.76457202,SP4776307547,40,G,10,323,1
B107,b,-1.309100942,51.76375109,SP4777807456,50,G,107,329,1
B108,b,-1.308661051,51.76410968,SP4780807496,130,G,108,334,1
B11,b,-1.309505208,51.76481595,SP4774907574,350,G,11,332,1
B111,b,-1.309487017,51.76505861,SP4775007601,190,G,111,327,1
B112,b,-1.309235075,51.76542577,SP4776707642,110,G,112,736,1
B117,b,-1.308046729,51.76638084,SP4784807749,160,G,117,573,1
B119,b,-1.307029421,51.76657266,SP4791807771,300,G,119,567,1
B12,b,-1.309264223,51.76544329,SP4776507644,300,G,12,562,1
B121,b,-1.306229451,51.76676575,SP4797307793,250,G,121,566,1
B122,b,-1.307167439,51.76702303,SP4790807821,180,G,122,570,1
B123,b,-1.307846954,51.76712594,SP4786107832,220,G,123,561,1
B125,b,-1.308361108,51.76667041,SP4782607781,50,G,125,578,1
B131,b,-1.310207229,51.76534201,SP4770007632,220,G,131,326,1
B139,b,-1.311607541,51.76365969,SP4760507444,340,G,139,173,1
B14,b,-1.309055439,51.76580234,SP4777907684,110,G,14,571,1
B140,b,-1.312474199,51.76351641,SP4754507427,260,G,140,171,1
B145,b,-1.312717702,51.76415144,SP4752807498,80,G,145,161,1
B147,b,-1.312181745,51.76413932,SP4756507497,290,G,147,168,1
B148,b,-1.311711673,51.76455915,SP4759707544,280,G,148,179,1
B15,b,-1.308580716,51.76557477,SP4781207659,50,G,15,419,1
B159,b,-1.313393272,51.76592665,SP4747907695,140,G,159,337,1
B16,b,-1.308310566,51.76618459,SP4783007727,340,G,16,572,1
B161,b,-1.314102982,51.76549023,SP4743107646,280,G,161,182,1
B162,b,-1.314181557,51.76508608,SP4742607601,270,G,162,170,1
B165,b,-1.313728937,51.76435515,SP4745807520,60,G,165,167,1
B168,b,-1.313176409,51.76352474,SP4749707428,90,G,168,172,1
B170,b,-1.312311175,51.76324994,SP4755707398,40,G,170,169,1
B177,b,-1.311742706,51.7663306,SP4759307741,150,G,177,111,1
B182,b,-1.312125596,51.7668813,SP4756607802,90,G,182,109,1
B184,b,-1.311495968,51.7673092,SP4760907850,250,G,184,106,1
B185,b,-1.311081217,51.76790019,SP4763707916,130,G,185,410,1
B187,b,-1.309428424,51.76829204,SP4775007960,320,G,187,406,1
B188,b,-1.309651304,51.76853917,SP4773507988,210,G,188,414,1
B189,b,-1.309355735,51.76891506,SP4775508030,80,G,189,412,1
B190,b,-1.308883116,51.76949672,SP4778708095,110,G,190,416,1
B191,b,-1.309512252,51.7691048,SP4774408051,100,G,191,401,1
B192,b,-1.308438024,51.76922436,SP4781808065,220,G,192,417,1
B193,b,-1.308505874,51.7685774,SP4781407993,240,G,193,408,1
B194,b,-1.307611868,51.76828442,SP4787607961,270,G,194,103,no logger
B194A,b,-1.308034561,51.76812506,SP4784707943,340,G,194a,102,1
B196,b,-1.309830025,51.76727246,SP4772407847,330,G,196,110,1
B199,b,-1.310889454,51.76621771,SP4765207729,190,G,199,339,1
B20,b,-1.306611007,51.76645331,SP4794707758,340,G,20,575,1
B201,b,-1.313281379,51.76711284,SP4748607827,70,G,201,560,1
B203,b,-1.310785205,51.76354671,SP4766207432,20,G,203,176,1
B204,b,-1.307002643,51.76642864,SP4792007755,90,G,204,568,1
B205,b,-1.307615337,51.76616251,SP4787807725,300,G,205,yes,no logger
B207,b,-1.312627556,51.76722591,SP4753107840,250,G,207,119,1
B208,b,-1.311862592,51.76702363,SP4758407818,310,G,208,107,1
B21,b,-1.306233309,51.76651402,SP4797307765,320,G,21,577,1
B211,b,-1.31160273,51.7660061,SP4760307705,195,G,211,338,1
B212,b,-1.312799637,51.76639073,SP4752007747,320,G,212,116,1
B213,b,-1.311550922,51.76655426,SP4760607766,340,G,213,112,1
B214,b,-1.311502941,51.76685069,SP4760907799,140,G,214,114,1
B215,b,-1.311097497,51.76683033,SP4763707797,140,G,215,115,1
B216,b,-1.310709008,51.76664823,SP4766407777,320,G,216,113,1
B217,b,-1.309426224,51.76714421,SP4775207833,250,G,217,108,1
B222,b,-1.31041432,51.76316205,SP4768807389,320,G,222,165,1
B223,b,-1.310049941,51.7642527,SP4771207511,180,G,223,333,1
B224,b,-1.309432075,51.76771069,SP4775107896,300,G,224,101,1
B225,b,-1.308759213,51.76812033,SP4779707942,30,G,225,403,1
B226,b,-1.308113121,51.76867399,SP4784108004,320,G,226,404,1
B227,b,-1.30921558,51.76955262,SP4776408101,10,G,227,418,1
B228,b,-1.30698489,51.7675884,SP4792007884,210,G,228,104,1
B23,b,-1.307679453,51.76765543,SP4787207891,70,G,23,105,1
B24,b,-1.307993641,51.76700991,SP4785107819,280,G,24,579,1
B25,b,-1.308042195,51.76667752,SP4784807782,140,G,25,574,1
B26,b,-1.308824096,51.76671809,SP4779407786,300,G,26,564,1
B27,b,-1.308915976,51.76639494,SP4778807750,100,G,27,580,1
B30,b,-1.310197641,51.76597134,SP4770007702,150,G,30,340,1
B31,b,-1.310095431,51.76507117,SP4770807602,160,G,31,328,1
B36,b,-1.310396993,51.7642997,SP4768807516,220,G,36,335,1
B37,b,-1.311282331,51.76420598,SP4762707505,80,G,37,180,1
B38,b,-1.311471783,51.76413516,SP4761407497,300,G,38,162,1
B39,b,-1.311825258,51.76393124,SP4759007474,10,G,39,177,1
B4,b,-1.308113354,51.76391764,SP4784607475,300,G,4,322,1
B40,b,-1.312165532,51.76368993,SP4756607447,20,G,40,166,1
B43,b,-1.312140463,51.76399521,SP4756807481,340,G,43,178,1
B49,b,-1.311926141,51.76474922,SP4758207565,50,G,49,163,1
B5,b,-1.308351769,51.76348747,SP4783007427,340,G,5,325,1
B60,b,-1.313732569,51.76602754,SP4745607706,200,G,60,336,1
B62A,b,-1.314639773,51.7654484,SP4739407641,250,G,62a,181,1
B63,b,-1.314502501,51.76494409,SP4740407585,160,G,63,164,1
B69,b,-1.31279367,51.76296504,SP4752407366,20,G,69,175,1
B7,b,-1.308839997,51.76377806,SP4779607459,100,G,7,324,1
B70,b,-1.312446898,51.76290008,SP4754807359,300,G,70,174,1
B76,b,-1.310518884,51.76581093,SP4767807684,230,G,76,321,1
B78,b,-1.312237405,51.76619863,SP4755907726,300,G,78,118,1
B79,b,-1.313899224,51.76650504,SP4744407759,70,G,79,117,1
B8,b,-1.309127168,51.76395058,SP4777607478,310,G,8,330,1
B81,b,-1.312837648,51.7667506,SP4751707787,110,G,81,120,1
B86,b,-1.310400718,51.76786068,SP4768407912,350,G,86,405,1
B87,b,-1.309827931,51.76836038,SP4772307968,290,G,87,415,1
B88,b,-1.31028724,51.7686508,SP4769108000,230,G,88,413,1
B89,b,-1.309057883,51.76849073,SP4777607983,0,G,89,409,1
B90,b,-1.308675503,51.76885712,SP4780208024,120,G,90,135,1
B91,b,-1.306351293,51.76637984,SP4796507750,320,G,91,576,1
B92,b,-1.306874162,51.76630201,SP4792907741,60,G,92,569,1
B94,b,-1.307298628,51.76602578,SP4790007710,210,G,94,yes,no logger
B96,b,-1.30714901,51.76538652,SP4791107639,310,G,96,728,1
B97,b,-1.308095356,51.76509539,SP4784607606,60,G,97,420,1
B98,b,-1.307645637,51.7651287,SP4787707610,190,G,98,276,1
B99,b,-1.307967975,51.76489683,SP4785507584,150,G,99,563,1
B99A,b,-1.307768975,51.7646439,SP4786907556,90,G,99a,565,1
C1,c,-1.329996387,51.75921563,SP4634006938,45,G,1,43,1
C10,c,-1.332834197,51.75639953,SP4614706623,290,G,10,47,1
C101,c,-1.330372664,51.75924475,SP4631406941,100,G,101,51,1
C102,c,-1.33032833,51.75892126,SP4631806905,200,G,102,376,1
C104,c,-1.330772917,51.75824945,SP4628806830,230,G,104,368,1
C106,c,-1.331627637,51.75727427,SP4623006721,20,G,106,60,1
C107,c,-1.331746318,51.75708613,SP4622206700,80,G,107,42,1
C108,c,-1.331257985,51.75667003,SP4625606654,155,G,108,57,1
C109,c,-1.333494628,51.75680788,SP4610106668,250,G,109,52,1
C11,c,-1.331850567,51.75629504,SP4621506612,280,G,11,59,1
C110,c,-1.332551665,51.75689245,SP4616606678,330,G,110,55,1
C111,c,-1.331679116,51.75613223,SP4622706594,320,G,111,50,1
C112,c,-1.331287582,51.75615698,SP4625406597,345,G,112,41,1
C113,c,-1.330870262,51.75596579,SP4628306576,310,G,113,363,1
C114,c,-1.330303341,51.75598657,SP4632206578,20,G,114,370,1
C116,c,-1.329108814,51.75615401,SP4640506598,360,G,116,379,1
C117,c,-1.328660265,51.75611548,SP4643606594,340,G,117,378,1
C118,c,-1.328358002,51.75695893,SP4645606688,20,G,118,220,1
C119,c,-1.328050979,51.75714599,SP4647706709,350,G,119,210,1
C122,c,-1.328379776,51.75744458,SP4645406742,20,G,122,365,1
C123,c,-1.328319218,51.75800124,SP4645706804,310,G,123,207,1
C125,c,-1.328553609,51.75858961,SP4644106869,360,G,125,211,1
C129,c,-1.329508958,51.75750497,SP4637606748,180,G,129,371,1
C132,c,-1.330715028,51.75666667,SP4629306654,130,G,132,219,1
C133,c,-1.329934135,51.75716573,SP4634706710,260,G,133,369,1
C134,c,-1.33052464,51.75740286,SP4630606736,40,G,134,218,1
C135,c,-1.329146656,51.75984916,SP4639807009,140,G,135,29,no logger
C136,c,-1.328686322,51.75924457,SP4643106942,335,G,136,26,1
C138,c,-1.32803265,51.75935772,SP4647606955,270,G,138,39,1
C14,c,-1.330496596,51.75635972,SP4630906620,45,G,14,209,1
C140,c,-1.328287425,51.75976378,SP4645807000,250,G,140,22,1
C141,c,-1.328339775,51.76014171,SP4645407042,300,G,141,34,1
C145,c,-1.326075227,51.75945442,SP4661106967,170,G,145,221,1
C146,c,-1.325818734,51.75916523,SP4662906935,220,G,146,231,1
C149,c,-1.325794447,51.75825653,SP4663106834,200,G,149,224,1
C15,c,-1.329977207,51.7562129,SP4634506604,330,G,15,361,1
C150,c,-1.325940389,51.75818543,SP4662106826,360,G,150,229,1
C151,c,-1.327478783,51.75762825,SP4651606763,60,G,151,202,1
C152,c,-1.327189892,51.75794983,SP4653506799,200,G,152,239,1
C153,c,-1.326475571,51.75786527,SP4658506790,345,G,153,227,1
C155,c,-1.32658536,51.75865667,SP4657606878,260,G,155,228,1
C156,c,-1.327276477,51.75894835,SP4652806910,75,G,156,232,1
C157,c,-1.32797761,51.75856573,SP4648006867,120,G,157,206,1
C158,c,-1.32853105,51.759945,SP4644107020,70,G,158,35,1
C16,c,-1.329337403,51.7563711,SP4638906622,280,G,16,373,1
C160A,c,-1.330228713,51.76016103,SP4632307043,340,G,160a,54,1
C160B,c,-1.329790081,51.76042872,SP4635307073,160,G,160b,40,1
C161,c,-1.331352619,51.75862094,SP4624706871,340,G,161,44,1
C162,c,-1.331880131,51.75821933,SP4621106826,35,G,162,49,1
C163,c,-1.332423446,51.7577279,SP4617406771,290,G,163,48,1
C17,c,-1.328745052,51.75625983,SP4643006610,250,G,17,375,1
C18,c,-1.32876683,51.75674547,SP4642806664,135,G,18,215,1
C19,c,-1.328228421,51.75690424,SP4646506682,80,G,19,205,1
C2,c,-1.329952722,51.75884719,SP4634406897,110,G,2,204,1
C20,c,-1.328714708,51.75732961,SP4643106729,55,G,20,377,1
C21,c,-1.328280634,51.75729116,SP4646106725,300,G,21,214,1
C23,c,-1.328458757,51.75836168,SP4644706844,275,G,23,216,1
C24,c,-1.328977837,51.75814931,SP4641206820,85,G,24,380,1
C24A,c,-1.329477434,51.75865567,SP4637706876,290,G,24a,374,1
C24C,c,-1.32933116,51.75913092,SP4638606929,280,G,24c,21,no logger
C25,c,-1.328705486,51.75867509,SP4643006878,200,G,25,201,1
C26,c,-1.329225051,51.75808778,SP4639506813,165,G,26,212,1
C27,c,-1.329331121,51.75777369,SP4638806778,60,G,27,362,1
C28,c,-1.328957389,51.75757375,SP4641406756,300,G,28,217,1
C3,c,-1.330175352,51.75848881,SP4632906857,360,G,3,203,1
C30,c,-1.329343236,51.75695556,SP4638806687,100,G,30,372,1
C32,c,-1.330288732,51.7567002,SP4632306658,70,G,32,366,1
C33,c,-1.33041446,51.75701561,SP4631406693,40,G,33,208,1
C36,c,-1.328509806,51.75942339,SP4644306962,250,G,36,24,1
C3A,c,-1.330572032,51.75849961,SP4630106858,180,G,3a,367,1
C4,c,-1.330542185,51.75817621,SP4630406822,100,G,4,364,1
C40,c,-1.327925367,51.75975272,SP4648306999,260,G,40,23,1
C41,c,-1.32773329,51.76000338,SP4649607027,250,G,41,222,1
C42,c,-1.327180795,51.75991768,SP4653407018,330,G,42,226,1
C44,c,-1.326463584,51.75964546,SP4658406988,100,G,44,230,1
C45,c,-1.326266374,51.7592667,SP4659806946,360,G,45,238,1
C48,c,-1.325353001,51.75871255,SP4666106885,90,G,48,236,1
C49,c,-1.326110623,51.75842917,SP4660906853,260,G,49,235,1
C50,c,-1.325999676,51.75809586,SP4661706816,45,G,50,237,1
C51,c,-1.327737947,51.75773762,SP4649806775,345,G,51,213,1
C52,c,-1.326925872,51.75778692,SP4655406781,100,G,52,223,1
C53,c,-1.326906976,51.75808353,SP4655506814,115,G,53,240,1
C54,c,-1.326536101,51.75807196,SP4658006813,195,G,54,233,1
C56,c,-1.327279282,51.75875955,SP4652806889,30,G,56,225,1
C57,c,-1.327858242,51.75879882,SP4648806893,30,G,57,234,1
C58,c,-1.328665171,51.75969401,SP4643206992,230,G,58,25,1
C61,c,-1.330907108,51.75935568,SP4627706953,50,G,61,46,1
C61A,c,-1.330525115,51.75971316,SP4630306993,60,G,61a,184,1
C62,c,-1.331216923,51.75897981,SP4625606911,190,G,62,56,1
C8,c,-1.331484952,51.75652674,SP4624006638,75,G,8,45,1
C9,c,-1.333367291,51.75660036,SP4611006645,45,G,9,58,1
C9A,c,-1.332909331,51.75720018,SP4614106712,325,G,9a,53,1
CP1,cp,-1.329550928,51.7795152,SP4635009196,145,G,1,94,1
CP10,cp,-1.327950639,51.77893063,SP4646109132,120,G,10,83,1
CP11,cp,-1.328954845,51.77865764,SP4639209101,120,G,11,82,1
CP12,cp,-1.329478884,51.77850778,SP4635609084,187,G,12,81,1
CP13,cp,-1.330146258,51.77846663,SP4631009079,180,G,13,400,1
CP14,cp,-1.330165409,51.77815204,SP4630909044,270,G,14,398,1
CP14A,cp,-1.330662149,51.77830862,SP4627509061,260,G,14a,399,1
CP17,cp,-1.327065793,51.77799948,SP4652309029,45,G,17,395,1
CP18,cp,-1.32798737,51.77840935,SP4645909074,145,G,18,396,1
CP19,cp,-1.327346648,51.77763245,SP4650408988,345,G,19,391,1
CP2,cp,-1.32981513,51.78027197,SP4633109280,90,G,2,87,1
CP20,cp,-1.327771497,51.77732918,SP4647508954,215,G,20,389,1
CP21,cp,-1.329480108,51.77744683,SP4635708966,0,G,21,397,1
CP22,cp,-1.32797059,51.77661102,SP4646208874,20,G,22,386,1
CP23,cp,-1.327662363,51.77687,SP4648308903,222,G,23,382,1
CP24,cp,-1.328321976,51.77735031,SP4643708956,345,G,24,388,1
CP25,cp,-1.327350123,51.7773987,SP4650408962,210,G,25,390,1
CP26,cp,-1.326579435,51.77756512,SP4655708981,290,G,26,393,1
CP27,cp,-1.326696853,51.77746689,SP4654908970,90,G,27,392,1
CP28,cp,-1.32574166,51.77834255,SP4661409068,200,G,28,394,1
CP29,cp,-1.325742838,51.77729059,SP4661508951,320,G,29,384,1
CP3,cp,-1.329249188,51.7803137,SP4637009285,65,G,3,88,1
CP30,cp,-1.325401834,51.77683009,SP4663908900,220,G,30,383,1
CP31,cp,-1.325963049,51.77710304,SP4660008930,270,G,31,385,1
CP33,cp,-1.327059265,51.77648893,SP4652508861,260,G,33,381,1
CP34,cp,-1.325060971,51.77636059,SP4666308848,315,G,34,254,1
CP35,cp,-1.325486493,51.77601237,SP4663408809,100,G,35,253,1
CP36,cp,-1.325057338,51.77563228,SP4666408767,130,G,36,243,1
CP37,cp,-1.325104704,51.77537181,SP4666108738,335,G,37,246,1
CP38,cp,-1.321750954,51.77343784,SP4689508525,210,G,38,95,1
CP39,cp,-1.320603655,51.77359306,SP4697408543,125,G,39,98,1
CP4,cp,-1.32833605,51.78030848,SP4643309285,85,G,4,89,1
CP40,cp,-1.319167993,51.7736477,SP4707308550,180,G,40,265,1
CP40A,cp,-1.31856501,51.77326658,SP4711508508,270,G,40a,100,1
CP41,cp,-1.320204493,51.77315019,SP4700208494,315,G,41,97,1
CP42A,cp,-1.319673831,51.77277848,SP4703908453,140,G,42a,99,1
CP43,cp,-1.320976746,51.77287592,SP4694908463,270,G,43,96,1
CP5,cp,-1.328109481,51.77994754,SP4644909245,355,G,5,91,1
CP5A,cp,-1.328787905,51.78014023,SP4640209266,165,G,5a,93,1
CP5B,cp,-1.328824875,51.7798271,SP4640009231,65,G,5b,92,1
CP6,cp,-1.327382236,51.78011422,SP4649909264,330,G,6,90,1
CP7,cp,-1.326733074,51.77990371,SP4654409241,65,G,7,86,1
CP8,cp,-1.327398538,51.77901739,SP4649909142,175,G,8,85,1
CP9,cp,-1.327590832,51.77875774,SP4648609113,330,G,9,84,1
EX1,ex,-1.338921875,51.77208758,SP4571108364,152,G,1,625,1
EX10,ex,-1.342334576,51.77460627,SP4547308642,160,G,10,599,1
EX10A,ex,-1.341325307,51.77523899,SP4554208713,60,G,10a,659,1
EX11,ex,-1.342746372,51.77519299,SP4544408707,110,G,11,816,1
EX12,ex,-1.343289527,51.77571752,SP4540608765,230,G,12,630,1
EX12A,ex,-1.342216274,51.77576547,SP4548008771,220,G,12a,481,1
EX13,ex,-1.343630444,51.77619595,SP4538208818,170,G,13,492,1
EX13A,ex,-1.344754344,51.77565376,SP4530508757,20,G,13a,643,1
EX14,ex,-1.342625728,51.77651402,SP4545108854,130,G,14,493,1
EX14A,ex,-1.341068853,51.77592988,SP4555908790,160,G,14a,621,1
EX14B,ex,-1.340029108,51.77666132,SP4563008872,180,G,14b,628,1
EX15,ex,-1.341575294,51.77698468,SP4552308907,200,G,15,645,1
EX16,ex,-1.340276748,51.77757082,SP4561208973,210,G,16,484,1
EX17,ex,-1.339087763,51.77760011,SP4569408977,180,G,17,658,1
EX18,ex,-1.338849695,51.77802136,SP4571009024,70,G,18,818,1
EX18A,ex,-1.338119202,51.77742383,SP4576108958,260,G,18a,623,1
EX19,ex,-1.33743724,51.77846297,SP4580709074,130,G,19,642,1
EX19A,ex,-1.337331954,51.77773409,SP4581508993,290,G,19a,657,1
EX2,ex,-1.340005996,51.77228249,SP4563608385,84,G,2,624,1
EX20,ex,-1.336192497,51.77833906,SP4589309061,300,G,20,638,1
EX21,ex,-1.334749433,51.77888836,SP4599209123,270,G,21,123,1
EX22,ex,-1.334269682,51.77898455,SP4602509134,285,G,22,812,1
EX25,ex,-1.332871551,51.77746611,SP4612308966,230,G,25,592,1
EX26,ex,-1.332409886,51.77731963,SP4615508950,180,G,26,597,1
EX27,ex,-1.331406246,51.77657666,SP4622508868,20,G,27,589,1
EX28,ex,-1.332235667,51.77635659,SP4616808843,245,G,28,487,1
EX29,ex,-1.333106307,51.7762896,SP4610808835,305,G,29,590,1
EX29A,ex,-1.334387639,51.77589225,SP4602008790,85,G,29a,611,1
EX3,ex,-1.340502382,51.77203352,SP4560208357,182,G,3,804,1
EX30,ex,-1.334939937,51.7766171,SP4598108870,190,G,30,432,1
EX31,ex,-1.335911482,51.77674604,SP4591408884,200,G,31,647,1
EX31A,ex,-1.335381147,51.77732747,SP4595008949,145,G,31a,491,1
EX32,ex,-1.336928241,51.77659893,SP4584408867,90,G,32,488,1
EX33,ex,-1.337929711,51.77650566,SP4577508856,150,G,33,631,1
EX34,ex,-1.33885753,51.7764929,SP4571108854,330,G,34,650,1
EX34A,ex,-1.339097872,51.77690785,SP4569408900,200,G,34a,809,1
EX35,ex,-1.339211795,51.77605432,SP4568708805,30,G,35,436,1
EX35A,ex,-1.339820104,51.77608471,SP4564508808,125,G,35a,633,1
EX36,ex,-1.340100189,51.7757626,SP4562608772,40,G,36,649,1
EX37,ex,-1.340294886,51.77533212,SP4561308724,150,G,37,485,1
EX38,ex,-1.339998143,51.77480897,SP4563408666,120,G,38,598,1
EX38A,ex,-1.339490774,51.77481511,SP4566908667,215,G,38a,653,1
EX39,ex,-1.339107273,51.7752715,SP4569508718,55,G,39,820,1
EX39A,ex,-1.336695693,51.77565354,SP4586108762,135,G,39a,652,1
EX39B,ex,-1.337898989,51.77563335,SP4577808759,125,G,39b,594,1
EX39C,ex,-1.337693175,51.77484096,SP4579308671,190,G,39c,586,1
EX4,ex,-1.341293659,51.77243402,SP4554708401,107,G,4,815,1
EX40,ex,-1.338607518,51.7747562,SP4573008661,210,G,40,439,1
EX41,ex,-1.337681424,51.77366305,SP4579508540,120,G,41,814,1
EX41A,ex,-1.338271231,51.77297405,SP4575508463,188,G,41a,803,1
EX41B,ex,-1.338522192,51.77266077,SP4573808428,194,G,41b,805,1
EX41C,ex,-1.338191641,51.7724701,SP4576108407,80,G,41c,802,1
EX41D,ex,-1.336882772,51.77277742,SP4585108442,350,G,41d,813,no logger
EX42,ex,-1.33706617,51.77410915,SP4583708590,260,G,42,629,1
EX42A,ex,-1.336594247,51.77466394,SP4586908652,180,G,42a,806,1
EX43,ex,-1.3359745,51.77442667,SP4591208626,80,G,43,637,1
EX43A,ex,-1.336553409,51.77349485,SP4587308522,100,G,43a,808,1
EX43B,ex,-1.335889674,51.7732933,SP4591908500,345,G,43b,627,1
EX43C,ex,-1.334970833,51.7736563,SP4598208541,155,G,43c,646,1
EX43D,ex,-1.333467317,51.77441249,SP4608508626,250,G,43d,817,1
EX43E,ex,-1.334551074,51.77463441,SP4601008650,275,G,43e,811,1
EX44,ex,-1.336269216,51.77508469,SP4589108699,210,G,44,495,1
EX45,ex,-1.335218882,51.7755463,SP4596308751,120,G,45,655,1
EX46,ex,-1.334232582,51.77559467,SP4603108757,20,G,46,489,1
EX47,ex,-1.333062776,51.77530931,SP4611208726,200,G,47,595,1
EX47A,ex,-1.332507679,51.77560287,SP4615008759,250,G,47a,593,1
EX48,ex,-1.332229521,51.77488703,SP4617008679,160,G,48,496,1
EX48A,ex,-1.332090175,51.77541169,SP4617908738,260,G,48a,585,1
EX49,ex,-1.331142028,51.77483986,SP4624508675,95,G,49,248,1
EX49A,ex,-1.332451923,51.77446967,SP4615508633,155,G,49a,249,1
EX49B,ex,-1.331411127,51.77428393,SP4622708613,170,G,49b,126,1
EX49C,ex,-1.331565119,51.77563348,SP4621508763,235,G,49c,587,1
EX5,ex,-1.342225059,51.77216904,SP4548308371,64,G,5,819,1
EX50,ex,-1.330227403,51.77494254,SP4630808687,330,G,50,258,1
EX51,ex,-1.328939167,51.77482731,SP4639708675,80,G,51,257,1
EX51A,ex,-1.329156922,51.77578161,SP4638108781,90,G,51a,251,1
EX51B,ex,-1.330123017,51.7761198,SP4631408818,130,G,51b,250,1
EX51C,ex,-1.32917125,51.77677073,SP4637908891,150,G,51c,387,1
EX51D,ex,-1.328234071,51.77590969,SP4644508796,220,G,51d,252,1
EX52,ex,-1.327775762,51.7750904,SP4647708705,350,G,52,256,1
EX53,ex,-1.326934925,51.77510357,SP4653508707,135,G,53,242,1
EX54,ex,-1.325891057,51.77512457,SP4660708710,200,G,54,241,1
EX55,ex,-1.325505921,51.77470876,SP4663408664,230,G,55,259,1
EX56,ex,-1.326696977,51.77453577,SP4655208644,290,G,56,260,1
EX57,ex,-1.327843212,51.77445241,SP4647308634,175,G,57,247,1
EX58,ex,-1.328603083,51.77403416,SP4642108587,280,G,58,244,1
EX59,ex,-1.329026157,51.77384776,SP4639208566,210,G,59,245,1
EX5A,ex,-1.342675215,51.77210862,SP4545208364,280,G,5a,494,1
EX6,ex,-1.34217283,51.77277116,SP4548608438,64,G,6,632,1
EX60,ex,-1.329916569,51.77342126,SP4633108518,90,G,60,688,1
EX61,ex,-1.330241115,51.77303649,SP4630908475,0,G,61,699,1
EX62,ex,-1.330392551,51.77259679,SP4629908426,180,G,62,132,1
EX62A,ex,-1.33006576,51.77215436,SP4632208377,210,G,62a,691,1
EX62B,ex,-1.329957679,51.77162326,SP4633008318,70,G,62b,526,1
EX62C,ex,-1.329964732,51.77114677,SP4633008265,280,G,62c,700,1
EX62D,ex,-1.330397638,51.77084209,SP4630108231,60,G,62d,686,1
EX62E,ex,-1.330053192,51.76986998,SP4632608123,350,G,62e,690,1
EX62F,ex,-1.329279379,51.76961112,SP4637908094,230,G,62f,766,1
EX62G,ex,-1.328815401,51.76921628,SP4641208051,330,G,62g,606,1
EX62H,ex,-1.328199747,51.76867194,SP4645507991,330,G,62h,613,1
EX62I,ex,-1.328595559,51.76848341,SP4642807969,320,G,62i,696,no logger
EX63,ex,-1.331339962,51.77223354,SP4623408385,90,G,63,689,1
EX64,ex,-1.332055923,51.77282203,SP4618408450,260,G,64,535,1
EX65,ex,-1.332876262,51.77321331,SP4612708493,160,G,65,532,1
EX66,ex,-1.336512466,51.77191775,SP4587808346,80,G,66,683,1
EX67,ex,-1.335371819,51.7720406,SP4595608361,190,G,67,615,1
EX68,ex,-1.336061892,51.7714331,SP4590908293,180,G,68,771,1
EX69,ex,-1.336211421,51.77111925,SP4589908258,350,G,69,770,1
EX7,ex,-1.341077432,51.77334946,SP4556108503,90,G,7,490,1
EX70,ex,-1.336707288,51.77090626,SP4586508234,330,G,70,714,1
EX71,ex,-1.336918199,51.77035899,SP4585108173,80,G,71,769,1
EX72,ex,-1.335883396,51.77075775,SP4592208218,180,G,72,704,1
EX72A,ex,-1.336032133,51.77049785,SP4591208189,320,G,72a,718,1
EX73,ex,-1.335283346,51.77016994,SP4596408153,80,G,73,761,1
EX73A,ex,-1.334315753,51.76993968,SP4603108128,250,G,73a,777,1
EX74,ex,-1.336081803,51.77007554,SP4590908142,280,G,74,779,1
EX75,ex,-1.335986301,51.7696704,SP4591608097,280,G,75,776,1
EX75A,ex,-1.336440525,51.7693313,SP4588508059,150,G,75a,708,1
EX76,ex,-1.336246223,51.76874578,SP4589907994,330,G,76,764,1
EX77,ex,-1.334915204,51.7685944,SP4599107978,50,G,77,702,1
EX78,ex,-1.333641759,51.7684703,SP4607907965,350,G,78,773,1
EX79,ex,-1.337105671,51.77141201,SP4583708290,200,G,79,775,1
EX8,ex,-1.341127548,51.77388921,SP4555708563,280,G,8,486,1
EX80,ex,-1.337711154,51.77163121,SP4579508314,315,G,80,810,1
EX81A,ex,-1.337952118,51.77200121,SP4577808355,288,G,81a,807,1
EX84,ex,-1.333554619,51.76749876,SP4608607857,244,G,84,760,1
EX85,ex,-1.334194163,51.76736796,SP4604207842,6,G,85,751,1
EX86,ex,-1.33478919,51.76730794,SP4600107835,88,G,86,756,1
EX88,ex,-1.335948266,51.76732349,SP4592107836,152,G,88,758,1
EX89,ex,-1.337317853,51.76780774,SP4582607889,242,G,89,759,1
EX8A,ex,-1.340888079,51.77440935,SP4557308621,90,G,8a,,no logger
EX9,ex,-1.341907253,51.77409138,SP4550308585,280,G,9,498,1
EX90,ex,-1.337823961,51.76788252,SP4579107897,36,G,90,754,1
EX91,ex,-1.338286599,51.76795706,SP4575907905,348,G,91,742,1
EX92,ex,-1.338688389,51.76822905,SP4573107935,230,G,92,752,1
MP1,mp,-1.306350769,51.76735988,SP4796407859,50,G,1,315,1
MP10,mp,-1.304433678,51.7666922,SP4809707786,220,G,10,198,1
MP11,mp,-1.304523655,51.76649493,SP4809107764,40,G,11,143,1
MP12,mp,-1.304542702,51.76619833,SP4809007731,150,G,12,200,1
MP13,mp,-1.304107176,51.76625015,SP4812007737,250,G,13,146,1
MP14,mp,-1.303629439,51.7662199,SP4815307734,190,G,14,144,1
MP15,mp,-1.303548448,51.7658328,SP4815907691,170,G,15,196,1
MP16,mp,-1.303085751,51.76576712,SP4819107684,280,G,16,157,1
MP17,mp,-1.302958806,51.76554159,SP4820007659,290,G,17,153,1
MP18,mp,-1.302643915,51.76528797,SP4822207631,200,G,18,158,1
MP2,mp,-1.305886812,51.76737513,SP4799607861,40,G,2,307,1
MP20,mp,-1.301841384,51.76470777,SP4827807567,100,G,20,156,1
MP21,mp,-1.301598673,51.76447255,SP4829507541,240,G,21,151,1
MP22,mp,-1.301024522,51.76411848,SP4833507502,320,G,22,152,1
MP23,mp,-1.30057018,51.76351337,SP4836707435,30,G,23,68,1
MP24,mp,-1.300718261,51.76330745,SP4835707412,180,G,24,147,1
MP25,mp,-1.300122834,51.76339382,SP4839807422,280,G,25,304,1
MP26,mp,-1.300097887,51.76313293,SP4840007393,240,G,26,61,1
MP27,mp,-1.299579215,51.76294103,SP4843607372,250,G,27,77,1
MP29,mp,-1.300422054,51.7627842,SP4837807354,140,G,29,64,1
MP3,mp,-1.305435138,51.7675343,SP4802707879,240,G,3,310,1
MP30,mp,-1.300622534,51.76293825,SP4836407371,190,G,30,79,1
MP31,mp,-1.300556896,51.76249729,SP4836907322,100,G,31,80,1
MP32,mp,-1.299903664,51.76257432,SP4841407331,320,G,32,67,1
MP33,mp,-1.299510666,51.76268887,SP4844107344,200,G,33,72,1
MP34,mp,-1.2988219,51.76225318,SP4848907296,100,G,34,69,1
MP34A,mp,-1.299270066,51.76231879,SP4845807303,230,G,34a,73,1
MP35,mp,-1.299780636,51.76209705,SP4842307278,140,G,35,76,1
MP36,mp,-1.300503525,51.76220026,SP4837307289,30,G,36,78,1
MP37,mp,-1.300159695,51.76194646,SP4839707261,150,G,37,74,1
MP38,mp,-1.299538646,51.76181688,SP4844007247,270,G,38,285,1
MP40,mp,-1.298407588,51.76187308,SP4851807254,320,G,40,283,1
MP41,mp,-1.298847108,51.76156101,SP4848807219,110,G,41,287,1
MP42,mp,-1.299427747,51.76149254,SP4844807211,240,G,42,290,1
MP43,mp,-1.300018842,51.76168488,SP4840707232,160,G,43,71,1
MP44,mp,-1.300252321,51.76157837,SP4839107220,100,G,44,66,1
MP45,mp,-1.300014222,51.76104647,SP4840807161,300,G,45,65,1
MP46,mp,-1.298999088,51.76110336,SP4847807168,320,G,46,293,1
MP47,mp,-1.298517362,51.76133426,SP4851107194,160,G,47,286,1
MP48,mp,-1.297851607,51.76128533,SP4855707189,10,G,48,295,1
MP49,mp,-1.298829825,51.76080564,SP4849007135,0,G,49,288,1
MP5,mp,-1.305369309,51.76710234,SP4803207831,280,G,5,142,1
MP50,mp,-1.2992598,51.76066012,SP4846007118,110,G,50,63,1
MP51,mp,-1.299846899,51.76062289,SP4842007114,90,G,51,302,1
MP52,mp,-1.299127933,51.76026795,SP4847007075,320,G,52,303,1
MP53,mp,-1.298368302,51.76066802,SP4852207120,130,G,53,298,1
MP54,mp,-1.297814695,51.76086252,SP4856007142,230,G,54,297,1
MP55,mp,-1.297263871,51.76029863,SP4859807079,130,G,55,292,1
MP56,mp,-1.297823339,51.76030512,SP4856007080,20,G,56,294,1
MP57,mp,-1.298506353,51.76017433,SP4851307065,30,G,57,296,1
MP58,mp,-1.298856146,51.76004155,SP4848907050,120,G,58,305,1
MP59,mp,-1.297924275,51.75985059,SP4855307029,220,G,59,299,1
MP6,mp,-1.305388627,51.76678776,SP4803107796,210,G,6,141,1
MP60,mp,-1.297220016,51.75996884,SP4860207043,240,G,60,282,1
MP61,mp,-1.297398331,51.75968219,SP4859007011,230,G,61,289,1
MP62,mp,-1.298082312,51.75948847,SP4854306989,10,G,62,284,1
MP63,mp,-1.297722634,51.75932448,SP4856806971,270,G,63,281,1
MP64,mp,-1.297174065,51.75919532,SP4860606957,140,G,64,300,1
MP65,mp,-1.297221294,51.75895284,SP4860306930,190,G,65,301,1
MP66,mp,-1.296948129,51.75881634,SP4862206915,340,G,66,70,1
MP67,mp,-1.299148682,51.75986347,SP4846907030,300,G,67,199,1
MP68,mp,-1.299008955,51.75952996,SP4847906993,230,G,68,192,1
MP69,mp,-1.298419424,51.75923872,SP4852006961,310,G,69,291,1
MP7,mp,-1.30529106,51.76653543,SP4803807768,40,G,7,160,1
MP70,mp,-1.297844667,51.75892959,SP4856006927,190,G,70,319,1
MP71,mp,-1.29818526,51.75845509,SP4853706874,290,G,71,313,1
MP72,mp,-1.298933721,51.75877425,SP4848506909,170,G,72,190,1
MP73,mp,-1.300203555,51.75886462,SP4839706918,320,G,73,195,1
MP74,mp,-1.301435998,51.75904988,SP4831206938,320,G,74,194,1
MP75,mp,-1.300733247,51.75952224,SP4836006991,210,G,75,320,1
MP76,mp,-1.300282189,51.75964544,SP4839107005,260,G,76,193,1
MP77,mp,-1.300378324,51.75998767,SP4838407043,90,G,77,191,1
MP78,mp,-1.299796315,51.76014605,SP4842407061,330,G,78,312,1
MP79,mp,-1.30059277,51.76111285,SP4836807168,170,G,79,62,1
MP8,mp,-1.305067642,51.76692972,SP4805307812,240,G,8,145,1
MP80,mp,-1.300926186,51.76204093,SP4834407271,290,G,80,75,1
MP82,mp,-1.301042287,51.76296772,SP4833507374,80,G,82,314,1
MP83,mp,-1.301497601,51.76350989,SP4830307434,50,G,83,197,1
MP84,mp,-1.301666198,51.76385256,SP4829107472,150,G,84,317,1
MP85,mp,-1.301821139,51.7641412,SP4828007504,150,G,85,148,1
MP86,mp,-1.302572074,51.7643075,SP4822807522,100,G,86,311,1
MP87,mp,-1.302650285,51.76487441,SP4822207585,40,G,87,155,1
MP88,mp,-1.303226395,51.7651026,SP4818207610,110,G,88,308,1
MP89,mp,-1.3044526,51.76546052,SP4809707649,0,G,89,309,1
MP9,mp,-1.304689938,51.76699043,SP4807907819,220,G,9,159,1
MP90,mp,-1.304719339,51.76601955,SP4807807711,80,G,90,316,1
MP91,mp,-1.306458976,51.76786403,SP4795607915,230,G,91,149,1
MP92,mp,-1.306050219,51.76805942,SP4798407937,60,G,92,318,1
MP93,mp,-1.305538784,51.76833513,SP4801907968,200,G,93,306,1
MP95,mp,-1.306651925,51.76851253,SP4794207987,270,G,95,154,1
MP96,mp,-1.306892444,51.76794751,SP4792607924,130,G,96,150,1
O1,o,-1.345004772,51.76897515,SP4529508014,42,G,1,656,1
O10,o,-1.344945429,51.77007175,SP4529808136,58,G,10,599,1
O100,o,-1.338652797,51.76768938,SP4573407875,174,G,100,744,1
O101,o,-1.339550012,51.76777534,SP4567207884,183,G,101,747,1
O102,o,-1.339426946,51.76727115,SP4568107828,152,G,102,748,1
O103,o,-1.338490343,51.76690623,SP4574607788,260,G,103,749,1
O104,o,-1.338927012,51.76677382,SP4571607773,312,G,104,750,1
O105,o,-1.339206127,51.76651465,SP4569707744,72,G,105,743,1
O106,o,-1.338923418,51.76602753,SP4571707690,320,G,106,745,1
O107,o,-1.339046029,51.76556967,SP4570907639,88,G,107,18,1
O108,o,-1.337240625,51.7651639,SP4583407595,260,G,108,16,1
O109,o,-1.336737183,51.76490931,SP4586907567,336,G,109,14,1
O11,o,-1.344322352,51.7710663,SP4534008247,228,G,11,801,1
O110,o,-1.33658083,51.76470163,SP4588007544,50,G,110,12,1
O111,o,-1.335931449,51.76451814,SP4592507524,34,G,111,13,1
O112,o,-1.335466739,51.76458744,SP4595707532,212,G,112,6,1
O113,o,-1.336932798,51.76738344,SP4585307842,120,G,113,358,1
O114,o,-1.336651696,51.76678798,SP4587307776,14,G,114,357,1
O115,o,-1.336211998,51.76613814,SP4590407704,294,G,115,360,1
O116,o,-1.334811645,51.76577957,SP4600107665,350,G,116,353,1
O117,o,-1.333994408,51.76617055,SP4605707709,256,G,117,755,1
O118,o,-1.334433942,51.7668294,SP4602607782,18,G,118,753,1
O119,o,-1.334068651,51.76703413,SP4605107805,54,G,119,757,1
O12,o,-1.343382893,51.77089022,SP4540508228,318,G,12,648,1
O13,o,-1.343956551,51.77130702,SP4536508274,134,G,13,499,1
O13A,o,-1.343652492,51.77128734,SP4538608272,284,G,13a,591,1
O14,o,-1.342709113,51.77038295,SP4545208172,114,G,14,626,1
O15,o,-1.343171916,51.77044848,SP4542008179,230,G,15,634,1
O16,o,-1.343007025,51.76982717,SP4543208110,294,G,16,588,1
O17,o,-1.34301655,51.76917086,SP4543208037,52,G,17,636,1
O18,o,-1.344359143,51.7686762,SP4534007981,184,G,18,497,1
O19,o,-1.344334295,51.76924115,SP4534108044,262,G,19,639,1
O2,o,-1.344983127,51.76946955,SP4529608069,104,G,2,641,1
O20,o,-1.344298152,51.76973547,SP4534308099,244,G,20,651,1
O21,o,-1.345355409,51.7687793,SP4527107992,165,G,21,442,1
O22,o,-1.345821317,51.76862904,SP4523907975,330,G,22,445,1
O23,o,-1.346055633,51.76845951,SP4522307956,280,G,23,457,1
O24,o,-1.346846941,51.76785251,SP4516907888,345,G,24,449,1
O25,o,-1.34605348,51.76760534,SP4522407861,206,G,25,459,1
O26,o,-1.346952264,51.76758336,SP4516207858,208,G,26,458,1
O27,o,-1.347485292,51.76780211,SP4512507882,45,G,27,447,1
O27A,o,-1.347520492,51.76737073,SP4512307834,260,G,27a,443,1
O28,o,-1.346967859,51.76727577,SP4516107824,8,G,28,454,1
O29,o,-1.345844582,51.76902478,SP4523708019,160,G,29,453,1
O3,o,-1.345360019,51.76946266,SP4527008068,204,G,3,583,1
O30A,o,-1.345642036,51.76799866,SP4525207905,232,G,30a,450,1
O31,o,-1.344951753,51.76863319,SP4529907976,44,G,31,441,1
O32,o,-1.345648793,51.76753116,SP4525207853,88,G,32,451,1
O33,o,-1.345102392,51.76762657,SP4528907864,6,G,33,446,1
O34,o,-1.344916167,51.76708651,SP4530307804,156,G,34,455,1
O36,o,-1.34480506,51.76675322,SP4531107767,114,G,36,460,1
O37,o,-1.34430422,51.76670502,SP4534507762,330,G,37,456,1
O38,o,-1.344769267,51.76622254,SP4531407708,80,G,38,448,1
O38A,o,-1.345022226,51.7657654,SP4529707657,94,G,38a,461,1
O38B,o,-1.345214102,51.7655237,SP4528407630,8,G,38b,462,1
O39,o,-1.342102221,51.76726861,SP4549707826,166,G,39,20,1
O4,o,-1.345953883,51.76948394,SP4522908070,28,G,4,581,1
O40,o,-1.342591621,51.76749613,SP4546307851,300,G,40,352,1
O42,o,-1.343152173,51.76781395,SP4542407886,147,G,42,17,1
O43,o,-1.343815599,51.76803344,SP4537807910,274,G,43,426,1
O44,o,-1.343769261,51.76823099,SP4538107932,286,G,44,433,1
O45,o,-1.344296776,51.76782933,SP4534507887,238,G,45,435,1
O46,o,-1.344440247,51.76792903,SP4533507898,276,G,46,432,1
O47,o,-1.34481036,51.76838964,SP4530907949,280,G,47,444,1
O48,o,-1.342514477,51.76482531,SP4547107554,194,G,48,469,1
O49,o,-1.343064941,51.76483738,SP4543307555,356,G,49,465,1
O5,o,-1.346708185,51.76943419,SP4517708064,26,G,5,438,1
O50,o,-1.343072126,51.76534093,SP4543207611,244,G,50,474,1
O51,o,-1.343562025,51.76553293,SP4539807632,332,G,51,468,1
O52,o,-1.343847393,51.76583977,SP4537807666,34,G,52,464,1
O53,o,-1.344263296,51.7661388,SP4534907699,226,G,53,452,1
O54,o,-1.342923988,51.76855894,SP4543907969,240,G,54,483,1
O55,o,-1.343967307,51.76856477,SP4536707969,88,G,55,660,1
O56,o,-1.343238215,51.76887539,SP4541708004,6,G,56,640,1
O58,o,-1.343145083,51.76430735,SP4542807496,140,G,58,466,1
O59,o,-1.343620358,51.76450781,SP4539507518,20,G,59,467,1
O5A,o,-1.346317322,51.76940504,SP4520408061,113,G,5a,600,1
O6,o,-1.346746468,51.76979405,SP4517408104,306,G,6,582,1
O60,o,-1.344643324,51.7639111,SP4532507451,126,G,60,471,1
O61,o,-1.34416818,51.76370165,SP4535807428,46,G,61,476,1
O62,o,-1.344602895,51.76770516,SP4532407873,32,G,62,427,1
O63,o,-1.343075898,51.76408218,SP4543307471,38,G,63,470,1
O64,o,-1.342500251,51.76380923,SP4547307441,60,G,64,478,1
O65,o,-1.341623386,51.76371396,SP4553307431,104,G,65,473,1
O66,o,-1.340916567,51.76349421,SP4558207407,218,G,66,477,1
O67,o,-1.342194716,51.7642836,SP4549307494,197,G,67,463,1
O68,o,-1.34275518,51.76421526,SP4545507486,316,G,68,472,1
O69,o,-1.341519318,51.76489167,SP4553907562,20,G,69,430,1
O7,o,-1.346307845,51.77006135,SP4520408134,152,G,7,596,1
O70,o,-1.340913258,51.764717,SP4558107543,284,G,70,429,1
O71,o,-1.340629756,51.76428383,SP4560107495,320,G,71,434,1
O72,o,-1.339067762,51.76308822,SP4571007363,340,G,72,2,1
O73,o,-1.339208132,51.76240568,SP4570107287,300,G,73,479,1
O74,o,-1.340186934,51.76285175,SP4563307336,4,G,74,475,1
O75,o,-1.338209701,51.76132112,SP4577107167,114,G,75,28,1
O75A,o,-1.337341856,51.76121733,SP4583107156,26,G,75a,32,1
O75B,o,-1.336766017,51.76096233,SP4587107128,296,G,75b,37,1
O75C,o,-1.337319721,51.76074967,SP4583307104,40,G,75c,36,1
O75D,o,-1.336438456,51.76057386,SP4589407085,294,G,75d,31,1
O76,o,-1.337914153,51.76171507,SP4579107211,146,G,76,38,1
O77,o,-1.339048627,51.76241378,SP4571207288,46,G,77,3,1
O78,o,-1.338534304,51.7629054,SP4574707343,180,G,78,10,1
O78A,o,-1.338428942,51.76317454,SP4575407373,90,G,78a,1,1
O79,o,-1.337933957,51.7633336,SP4578807391,252,G,79,8,1
O8,o,-1.346232527,51.77025918,SP4520908156,36,G,8,500,1
O80,o,-1.337594664,51.76374528,SP4581107437,206,G,80,15,1
O81,o,-1.338035147,51.76434118,SP4578007503,308,G,81,9,1
O82,o,-1.33766266,51.7650404,SP4580507581,186,G,82,7,1
O83,o,-1.337903063,51.76544636,SP4578807626,346,G,83,4,1
O84,o,-1.338532417,51.76501832,SP4574507578,137,G,84,746,1
O85,o,-1.340050003,51.76528759,SP4564007607,196,G,85,480,1
O86,o,-1.340855,51.76573267,SP4558407656,340,G,86,741,1
O87,o,-1.342156193,51.76593777,SP4549407678,2,G,87,359,1
O9,o,-1.34537769,51.77024499,SP4526808155,260,G,9,437,1
O93,o,-1.336103726,51.76561604,SP4591207646,150,G,93,350,1
O94,o,-1.335442485,51.76525265,SP4595807606,312,G,94,356,1
O95,o,-1.335488592,51.76507309,SP4595507586,106,G,95,347,1
O96,o,-1.335160881,51.76469361,SP4597807544,154,G,96,355,1
P1,p,-1.317097714,51.76330436,SP4722607401,340,G,1,523,1
P10,p,-1.315249288,51.76480413,SP4735207569,120,G,10,654,1
P11,p,-1.316120272,51.76470131,SP4729207557,270,G,11,616,1
P12,p,-1.316963902,51.76449042,SP4723407533,110,G,12,529,1
P13,p,-1.316944418,51.76386092,SP4723607463,60,G,13,607,1
P14,p,-1.318132649,51.76482089,SP4715307569,160,G,14,687,1
P15,p,-1.318823671,51.7651216,SP4710507602,60,G,15,719,1
P16,p,-1.319327419,51.7653493,SP4707007627,140,G,16,698,1
P17,p,-1.320256768,51.76521981,SP4700607612,80,G,17,695,1
P19,p,-1.321590062,51.76520952,SP4691407610,50,G,19,614,1
P21,p,-1.323728061,51.76468237,SP4676707550,220,G,21,684,1
P23,p,-1.321646192,51.76436467,SP4691107516,150,G,23,528,1
P24,p,-1.320402691,51.76418666,SP4699707497,240,G,24,765,1
P4,p,-1.317621325,51.76509665,SP4718807600,160,G,4,716,1
P5,p,-1.31704851,51.76560582,SP4722707657,120,G,5,709,1
P6,p,-1.317091958,51.76656813,SP4722307764,30,G,6,693,1
P7,p,-1.316645624,51.76637673,SP4725407743,30,G,7,685,1
P8,p,-1.316146725,51.76678742,SP4728807789,220,G,8,712,1
P9,p,-1.315768086,51.7669111,SP4731407803,230,G,9,711,1
SW1,sw,-1.331866596,51.76797471,SP4620207911,330,G,1,762,1
SW10,sw,-1.330216312,51.76589734,SP4631807681,260,G,10,772,1
SW101,sw,-1.332174792,51.76181749,SP4618707226,35,G,101,676,1
SW102,sw,-1.331704107,51.76131131,SP4622007170,45,G,102,668,1
SW103,sw,-1.332301039,51.76111689,SP4617907148,345,G,103,667,1
SW104,sw,-1.331886986,51.76070094,SP4620807102,340,G,104,677,1
SW104A,sw,-1.331826115,51.7608984,SP4621207124,200,G,104a,661,1
SW105,sw,-1.332024671,51.76020721,SP4619907047,45,G,105,27,1
SW106,sw,-1.332589564,51.76021941,SP4616007048,340,G,106,30,1
SW107,sw,-1.332908032,51.7602392,SP4613807050,120,G,107,662,1
SW108,sw,-1.333507788,51.76083602,SP4609607116,160,G,108,33,1
SW110,sw,-1.333819911,51.76128735,SP4607407166,100,G,110,679,1
SW112,sw,-1.335791095,51.76124455,SP4593807160,135,G,112,671,1
SW113,sw,-1.334801146,51.76156264,SP4600607196,160,G,113,680,1
SW114,sw,-1.334119007,51.7616397,SP4605307205,80,G,114,674,1
SW115,sw,-1.333769436,51.76176359,SP4607707219,180,G,115,664,1
SW116,sw,-1.334097512,51.76211611,SP4605407258,130,G,116,672,1
SW117,sw,-1.333701561,51.76243755,SP4608107294,270,G,117,666,1
SW119,sw,-1.333926104,51.76293334,SP4606507349,80,G,119,678,1
SW12,sw,-1.330125918,51.76515101,SP4632507598,340,G,12,715,1
SW120,sw,-1.334155147,51.76312345,SP4604907370,310,G,120,670,1
SW121,sw,-1.334359576,51.76301671,SP4603507358,70,G,121,669,1
SW122,sw,-1.335219529,51.76365995,SP4597507429,130,G,122,11,1
SW123,sw,-1.335144312,51.76384834,SP4598007450,210,G,123,19,1
SW124,sw,-1.334866115,51.76404457,SP4599907472,270,G,124,5,1
SW125,sw,-1.33465838,51.76437607,SP4601307509,200,G,125,341,1
SW126,sw,-1.333875172,51.76442559,SP4606707515,340,G,126,345,1
SW127,sw,-1.333394117,51.76462067,SP4610007537,230,G,127,344,1
SW128,sw,-1.33260918,51.76478705,SP4615407556,270,G,128,348,1
SW129,sw,-1.332347312,51.76485749,SP4617207564,320,G,129,343,1
SW13,sw,-1.330433526,51.76492753,SP4630407573,130,G,13,540,1
SW130,sw,-1.332015649,51.76474771,SP4619507552,120,G,130,346,1
SW131,sw,-1.33190852,51.76513373,SP4620207595,240,G,131,354,1
SW132,sw,-1.331571813,51.76536558,SP4622507621,320,G,132,349,1
SW133,sw,-1.331055372,51.76501199,SP4626107582,80,G,133,342,1
SW134,sw,-1.331378803,51.76567918,SP4623807656,180,G,134,351,1
SW14,sw,-1.330944638,51.7646607,SP4626907543,70,G,14,763,1
SW15,sw,-1.331384759,51.76429457,SP4623907502,320,G,15,536,1
SW16,sw,-1.331082613,51.76414899,SP4626007486,200,G,16,537,1
SW17,sw,-1.330454796,51.7644691,SP4630307522,90,G,17,713,1
SW18,sw,-1.329656826,51.76453649,SP4635807530,150,G,18,707,1
SW2,sw,-1.331668907,51.76762293,SP4621607872,90,G,2,768,1
SW21,sw,-1.328751031,51.76503483,SP4642007586,0,G,21,131,no logger
SW23,sw,-1.327589613,51.76518104,SP4650007603,250,G,23,610,1
SW25,sw,-1.326874766,51.76452959,SP4655007531,330,G,25,609,1
SW26,sw,-1.328422443,51.76471826,SP4644307551,180,G,26,778,1
SW27,sw,-1.328688315,51.76437811,SP4642507513,90,G,27,530,1
SW28,sw,-1.328300843,51.76412414,SP4645207485,140,G,28,619,1
SW3,sw,-1.331305982,51.76766627,SP4624107877,40,G,3,703,1
SW30,sw,-1.327390836,51.76393013,SP4651507464,180,G,30,620,1
SW31,sw,-1.327468089,51.76360689,SP4651007428,320,G,31,534,1
SW32,sw,-1.330783513,51.76183655,SP4628307229,0,G,32,675,1
SW33,sw,-1.330124622,51.76230034,SP4632807281,0,G,33,665,1
SW34,sw,-1.32966909,51.76272932,SP4635907329,110,G,34,673,1
SW35,sw,-1.32934528,51.76306914,SP4638107367,70,G,35,663,1
SW36,sw,-1.3287176,51.76338025,SP4642407402,220,G,36,533,1
SW37,sw,-1.328200404,51.76308059,SP4646007369,300,G,37,603,1
SW38,sw,-1.327575652,51.76319391,SP4650307382,220,G,38,525,1
SW4,sw,-1.330831931,51.7673844,SP4627407846,20,G,4,774,1
SW42,sw,-1.326303492,51.76396886,SP4659007469,130,G,42,522,1
SW44,sw,-1.325193886,51.76452894,SP4666607532,70,G,44,602,no logger
SW47,sw,-1.325498134,51.76355964,SP4664607424,165,G,47,538,1
SW5,sw,-1.330149926,51.7677888,SP4632107891,180,G,5,125,1
SW50,sw,-1.324424214,51.76367036,SP4672007437,50,G,50,706,1
SW51,sw,-1.324216807,51.76397487,SP4673407471,180,G,51,531,no logger
SW54,sw,-1.323434823,51.76297235,SP4678907360,0,G,54,612,1
SW56,sw,-1.323018789,51.76366228,SP4681707437,180,G,56,617,1
SW59,sw,-1.322597438,51.76276972,SP4684707338,0,G,59,539,1
SW6,sw,-1.330065152,51.76729911,SP4632707837,180,G,6,694,1
SW62,sw,-1.321838509,51.76313399,SP4689907379,200,G,62,618,1
SW63,sw,-1.320952539,51.76327273,SP4696007395,30,G,63,604,1
SW64,sw,-1.320273592,51.76313394,SP4700707380,270,G,64,524,1
SW7,sw,-1.330011848,51.76698411,SP4633107802,180,G,7,697,1
SW70,sw,-1.319908943,51.76329368,SP4703207398,180,G,70,140,1
SW72,sw,-1.319186667,51.76314564,SP4708207382,130,G,72,521,1
SW75,sw,-1.31858504,51.7626836,SP4712407331,150,G,75,527,1
SW76,sw,-1.318089443,51.76287899,SP4715807353,110,G,76,710,1
SW77,sw,-1.317604017,51.76239919,SP4719207300,330,G,77,138,1
SW78,sw,-1.317596701,51.76288467,SP4719207354,60,G,78,601,1
SW79,sw,-1.317016477,51.76292626,SP4723207359,20,G,79,682,1
SW8,sw,-1.330739936,51.7667455,SP4628107775,240,G,8,767,1
SW80A,sw,-1.315658892,51.76263065,SP4732607327,120,G,80a,717,1
SW81,sw,-1.316319122,51.76304808,SP4728007373,170,G,81,681,1
SW82,sw,-1.31563761,51.76308008,SP4732707377,290,G,82,692,1
SW83,sw,-1.314037537,51.76253129,SP4743807317,330,G,83,605,1
SW84,sw,-1.314614492,51.76270549,SP4739807336,350,G,84,705,1
SW86,sw,-1.314573204,51.76256139,SP4740107320,320,G,86,720,1
SW87,sw,-1.314274311,51.76316205,SP4742107387,270,G,87,701,1
SW88,sw,-1.313606152,51.76231298,SP4746807293,100,G,88,608,1
SW9,sw,-1.329918935,51.76640815,SP4633807738,320,G,9,780,1
W1,w,-1.331420373,51.77856379,SP4622209089,235,G,1,261,1
W10,w,-1.333284366,51.77896099,SP4609309132,270,G,10,133,1
W100,w,-1.343949344,51.77819377,SP4535809040,350,G,100,798,1
W101,w,-1.344287387,51.77787198,SP4533509004,170,G,101,799,1
W102,w,-1.344456491,51.77820559,SP4532309041,110,G,102,507,1
W103,w,-1.344732911,51.7781352,SP4530409033,110,G,103,511,1
W103A,w,-1.344880059,51.77798317,SP4529409016,50,G,103a,512,1
W104,w,-1.345186636,51.77783203,SP4527308999,220,G,104,516,1
W105,w,-1.345709052,51.77778998,SP4523708994,180,G,105,796,1
W11,w,-1.333891122,51.77909929,SP4605109147,180,G,11,263,1
W12,w,-1.333106995,51.77919375,SP4610509158,175,G,12,183,1
W13,w,-1.332905273,51.77911169,SP4611909149,175,G,13,130,1
W14,w,-1.331033437,51.7802254,SP4624709274,315,G,14,189,1
W15,w,-1.33073598,51.78073576,SP4626709331,285,G,15,270,1
W16,w,-1.331528922,51.78102799,SP4621209363,160,G,16,279,1
W17,w,-1.331089702,51.7813222,SP4624209396,255,G,17,271,1
W18,w,-1.331011779,51.78169039,SP4624709437,310,G,18,272,1
W19,w,-1.331235589,51.78224013,SP4623109498,180,G,19,273,1
W20,w,-1.331259663,51.78257294,SP4622909535,315,G,20,274,1
W21,w,-1.331592383,51.78261978,SP4620609540,85,G,21,275,1
W22,w,-1.332211921,51.78189502,SP4616409459,260,G,22,280,1
W23,w,-1.331702347,51.78204497,SP4619909476,0,G,23,276,1
W24,w,-1.331913902,51.78146175,SP4618509411,60,G,24,277,1
W25,w,-1.332340083,51.78106856,SP4615609367,90,G,25,186,1
W26,w,-1.332546189,51.78085394,SP4614209343,350,G,26,187,1
W27,w,-1.332100444,51.78060865,SP4617309316,60,G,27,188,1
W28,w,-1.333037359,51.77998458,SP4610909246,350,G,28,782,1
W29,w,-1.332823128,51.77976758,SP4612409222,345,G,29,549,1
W3,w,-1.331236351,51.77924607,SP4623409165,15,G,3,268,1
W31,w,-1.332535315,51.78159115,SP4614209425,230,G,31,278,1
W32,w,-1.332980541,51.78187241,SP4611109456,140,G,32,558,1
W33,w,-1.333103574,51.78237661,SP4610209512,170,G,33,550,1
W34,w,-1.333104317,51.78134263,SP4610309397,0,G,34,515,1
W35,w,-1.333624534,51.78145347,SP4606709409,30,G,35,723,1
W36,w,-1.333672519,51.78114804,SP4606409375,0,G,36,729,1
W37,w,-1.3339362,51.78096072,SP4604609354,330,G,37,541,1
W38,w,-1.334530077,51.78099106,SP4600509357,90,G,38,547,1
W39,w,-1.33487398,51.78126274,SP4598109387,105,G,39,734,1
W40,w,-1.333942748,51.78150068,SP4604509414,185,G,40,543,1
W41,w,-1.334156073,51.78178016,SP4603009445,240,G,41,555,1
W42,w,-1.335082189,51.78090427,SP4596709347,210,G,42,740,1
W43,w,-1.335456932,51.78105024,SP4594109363,95,G,43,730,1
W44,w,-1.334539067,51.78037971,SP4600509289,180,G,44,733,1
W45,w,-1.334401133,51.7799024,SP4601509236,55,G,45,732,1
W46,w,-1.333506595,51.77961905,SP4607709205,210,G,46,722,1
W47,w,-1.333463709,51.78056243,SP4607909310,290,G,47,735,1
W49,w,-1.333859291,51.78027696,SP4605209278,135,G,49,731,1
W4A,w,-1.331145269,51.77952428,SP4624009196,30,G,4a,267,1
W4B,w,-1.330894484,51.77981956,SP4625709229,140,G,4b,269,1
W5,w,-1.331798561,51.77945606,SP4619509188,7,G,5,266,1
W50,w,-1.335708486,51.78070101,SP4592409324,300,G,50,724,1
W51,w,-1.33616043,51.78151322,SP4589209414,160,G,51,553,1
W51A,w,-1.336395911,51.78127133,SP4587609387,180,G,51a,739,1
W52,w,-1.33720774,51.78126692,SP4582009386,255,G,52,737,1
W53,w,-1.337787392,51.78127918,SP4578009387,280,G,53,551,1
W54,w,-1.333528959,51.78203736,SP4607309474,155,G,54,509,1
W55,w,-1.333761273,51.7820117,SP4605709471,355,G,55,785,1
W56,w,-1.334693172,51.78172926,SP4599309439,260,G,56,738,1
W57,w,-1.335102062,51.78152477,SP4596509416,85,G,57,520,1
W58,w,-1.335796487,51.78161861,SP4591709426,170,G,58,548,1
W59,w,-1.335863966,51.78097162,SP4591309354,205,G,59,546,1
W6,w,-1.331976603,51.77917835,SP4618309157,120,G,6,262,1
W60,w,-1.336637706,51.78158739,SP4585909422,95,G,60,559,1
W61,w,-1.337187978,51.78162646,SP4582109426,180,G,61,503,1
W62,w,-1.338571282,51.78120267,SP4572609378,160,G,62,795,1
W63,w,-1.339025998,51.78083659,SP4569509337,170,G,63,517,1
W64,w,-1.339218365,51.78056793,SP4568209307,220,G,64,514,1
W64A,w,-1.339875333,51.78024794,SP4563709271,355,G,64a,501,1
W64B,w,-1.338683124,51.78049299,SP4571909299,185,G,64b,781,1
W65,w,-1.339796303,51.78069705,SP4564209321,100,G,65,502,1
W66,w,-1.338124055,51.78105629,SP4575709362,5,G,66,789,1
W67,w,-1.337226712,51.78096133,SP4581909352,95,G,67,554,1
W68,w,-1.336621106,51.78074213,SP4586109328,355,G,68,721,1
W69,w,-1.336472741,51.77998603,SP4587209244,50,G,69,542,1
W7,w,-1.332377525,51.7795133,SP4615509194,180,G,7,635,1
W71,w,-1.337328819,51.77992792,SP4581309237,210,G,71,725,1
W72,w,-1.338085043,51.78075037,SP4576009328,170,G,72,557,1
W73,w,-1.337645454,51.78008255,SP4579109254,315,G,73,510,1
W74,w,-1.337520534,51.77970422,SP4580009212,165,G,74,545,1
W75,w,-1.339454415,51.77929251,SP4566709165,75,G,75,783,1
W75A,w,-1.338231927,51.7796273,SP4575109203,95,G,75a,508,1
W76,w,-1.33978817,51.77926741,SP4564409162,290,G,76,505,1
W77,w,-1.340296507,51.77919833,SP4560909154,115,G,77,556,1
W78,w,-1.339189454,51.77956975,SP4568509196,350,G,78,786,1
W79,w,-1.339197778,51.77999238,SP4568409243,5,G,79,544,1
W80,w,-1.338905136,51.78017955,SP4570409264,10,G,80,513,1
W81,w,-1.340320199,51.78055613,SP4560609305,270,G,81,784,1
W83,w,-1.340316845,51.77979187,SP4560709220,360,G,83,552,1
W84,w,-1.3408134,51.78053193,SP4557209302,255,G,84,504,1
W85,w,-1.340905212,51.78019977,SP4556609265,150,G,85,797,1
W87,w,-1.341191432,51.78045312,SP4554609293,285,G,87,791,1
W89,w,-1.341657213,51.78032086,SP4551409278,230,G,89,794,1
W9,w,-1.332013149,51.77866651,SP4618109100,150,G,9,264,1
W91,w,-1.34192347,51.77995372,SP4549609237,145,G,91,519,1
W92,w,-1.341943325,51.77958519,SP4549509196,340,G,92,788,1
W93,w,-1.341746816,51.77914352,SP4550909147,285,G,93,793,1
W94,w,-1.341212504,51.77900566,SP4554609132,315,G,94,727,1
W95,w,-1.341750477,51.77889179,SP4550909119,30,G,95,506,1
W96,w,-1.341979895,51.77906391,SP4549309138,310,G,96,790,1
W97,w,-1.34207274,51.77865982,SP4548709093,110,G,97,518,1
W98,w,-1.342475692,51.77885988,SP4545909115,210,G,98,787,1
W99,w,-1.34362905,51.77829089,SP4538009051,310,G,99,792,1
W99A,w,-1.343561407,51.77795784,SP4538509014,320,G,99a,800,1
